model,roc_auc,accuracy,f1,precision,recall
LogisticRegression,0.7628520887764332,0.7819166666666666,0.5340684405208073,0.5076304554511968,0.5635973737159801
KNN,0.6948679043383269,0.6750833333333335,0.452064255555855,0.36110736662890647,0.6043614317483851
RandomForest,0.7526473240590463,0.7974166666666667,0.5050677451292336,0.5513200851032937,0.4660923435348936
LightGBM,0.7664115695954103,0.81175,0.5071806142193924,0.6048524724868374,0.43697694941579296
Catboost,0.7680570745207475,0.8151249999999999,0.5011786508478276,0.6238132569900484,0.41913286737971694
XGBoost,0.7497969679917708,0.8015416666666667,0.4867237440302663,0.5707691864997075,0.42458011225246217
AdaBoost,0.7392383891997145,0.7803333333333333,0.516904746581418,0.5050396956164235,0.5301609657947687
