model,roc_auc,accuracy,f1,precision,recall
LogisticRegression,0.7605956973567406,0.7793333333333333,0.5314932767162066,0.4963648380700595,0.571972581873572
KNN,0.6895440565704007,0.6693333333333333,0.44704570791527315,0.3525274725274725,0.6108149276466108
RandomForest,0.7462572092990756,0.7921666666666667,0.4878850102669405,0.5294117647058824,0.4523990860624524
LightGBM,0.7692020075946969,0.8126666666666666,0.50177304964539,0.6002120890774125,0.43107387661843105
Catboost,0.7689546087759388,0.8153333333333334,0.4959053685168335,0.615819209039548,0.4150799695354151
XGBoost,0.7508302281870208,0.7973333333333333,0.47540983606557374,0.5482587064676617,0.41964965727341963
AdaBoost,0.7467958806187358,0.7806666666666666,0.5183016105417276,0.4989429175475687,0.5392231530845393
