model,roc_auc,accuracy,f1,precision,recall,model_status
LogisticRegression,0.7629033138970126,0.7824166666666666,0.5346309467280917,0.508684661231643,0.563598079706308,no tuning
KNN,0.6921524569991877,0.6749166666666666,0.4538079295912597,0.361733969191878,0.6088698859825621,no tuning
RandomForest,0.7517403027601094,0.7965833333333333,0.5038089080108805,0.548873110919305,0.46571905114899925,no tuning
LightGBM,0.7674159149625435,0.8110416666666665,0.5082029110432298,0.601375199654396,0.44035687811076996,no tuning
XGBoost,0.7482020757028021,0.7976666666666666,0.47926959671221336,0.5582517306223876,0.41988121712732535,no tuning
Catboost,0.7671161164462214,0.8147500000000001,0.4981128610075592,0.6238322114462174,0.41481114758727805,no tuning
