model,roc_auc,accuracy,f1,precision,recall,model_status
LogisticRegression,0.7605833477276926,0.7798333333333334,0.5317263381779511,0.4973474801061008,0.5712109672505712,no tuning
KNN,0.6857193277056941,0.6721666666666667,0.4488652283552816,0.3550531914893617,0.6100533130236101,no tuning
RandomForest,0.7490063829707715,0.7966666666666666,0.5008183306055647,0.5411140583554377,0.4661081492764661,no tuning
LightGBM,0.7697682218370366,0.816,0.5058191584601611,0.6134636264929425,0.4303122619954303,no tuning
XGBoost,0.7561172506280842,0.7995,0.47899523603291466,0.5552208835341366,0.4211728865194212,no tuning
Catboost,0.7694628935083363,0.8145,0.49015116811726983,0.6149425287356322,0.4074638233054075,no tuning
