model,roc_auc,accuracy,f1,precision,recall
KNN,0.9181385184966999,0.8186979166666667,0.6754480641617646,0.5601084052019148,0.8506483493469086
RandomForest,0.999792282593997,0.9977291666666668,0.9948861259114972,0.9939557170207538,0.995819997571523
LightGBM,0.8478691989813271,0.8308020833333334,0.5821774188945433,0.6436406413648502,0.5315622066761946
Catboost,0.8863163006237391,0.8547291666666667,0.6259704742679892,0.7296803240188686,0.5481409081379459
XGBoost,0.931833687721765,0.8857291666666665,0.7274938088014065,0.7721249901758329,0.6877701253422834
