model,roc_auc,accuracy,f1,precision,recall,model_status
LogisticRegression,0.7479126283244267,0.7741666666666667,0.5233907843826944,0.48627450980392156,0.5666412795125666,tuning
KNN,0.7166999971238364,0.7131666666666666,0.46734757041163727,0.39363920750782067,0.575019040365575,tuning
RandomForest,0.7714694644859605,0.791,0.5352112676056338,0.5212996389891696,0.5498857578065499,tuning
LightGBM,0.7669497439970647,0.7831666666666667,0.5308330328164443,0.5041095890410959,0.5605483625285606,tuning
XGBoost,0.7641029920063777,0.7783333333333333,0.5323488045007032,0.49444807315480077,0.5765422696115765,tuning
Catboost,0.7695750151404827,0.7793333333333333,0.5364145658263305,0.4964355152300713,0.5833968012185834,tuning
