model,roc_auc,accuracy,f1,precision,recall,model_status
LogisticRegression,0.7558026108129431,0.7777916666666667,0.5284418892759318,0.4994345745334903,0.5613431465988915,tuning
KNN,0.7202582513596048,0.716625,0.47559724583079993,0.4033861405888457,0.5793750220621978,tuning
RandomForest,0.7730869570747718,0.794125,0.5404795335556993,0.535227215906731,0.5461281725440361,tuning
LightGBM,0.7674805665633571,0.791,0.5381808573948463,0.528066453483285,0.549132690882135,tuning
XGBoost,0.7644280264526021,0.78175,0.5348553488329513,0.5072318440080046,0.5658530128137245,tuning
Catboost,0.7739859348859666,0.7858333333333333,0.5414848602929407,0.5156968266710524,0.5701726146351794,tuning
