categorical_features,roc_auc,accuracy,f1,precision,recall
"gender, marriage, education",0.7182855773037826,0.8084166666666667,0.3467872150302941,0.7111257828302497,0.2293841999364609
"gender, marriage, education, age",0.7181845382600107,0.8082499999999999,0.34451549256242076,0.7120781130947609,0.22731723675385646
"gender, marriage, education, pay_x",0.7628820970728609,0.82025,0.47110409548528576,0.6779951653293579,0.3610794592114088
"gender, marriage, education, age, pay_x",0.762725461940129,0.8202916666666666,0.471275972015181,0.67801056988183,0.3612676056338028
"gender, marriage, education, bill_amt, pay_amt",0.7231858141981817,0.8065,0.34698602663043204,0.6902225798403681,0.2318249849977055
"gender, marriage, education, age, bill_amt, pay_amt",0.7229622077034923,0.80625,0.3470652453540026,0.6873653409497175,0.2321998658618377
"gender, marriage, education, pay_x, bill_amt, pay_amt",0.7625653115048395,0.8201666666666666,0.4687850498043823,0.6798173020412073,0.35788555896784213
"gender, marriage, education, age, pay_x, bill_amt, pay_amt",0.7621749333657499,0.8198333333333332,0.46763058244933875,0.6784573499009534,0.3569465918316919
