categorical_features,roc_auc,accuracy,f1,precision,recall
"gender, marriage, education",0.7207170389619422,0.8095,0.33892423366107577,0.7043269230769231,0.22315308453922314
"gender, marriage, education, age",0.7214077244654764,0.8088333333333333,0.3373772385904102,0.6985645933014354,0.22239146991622238
"gender, marriage, education, pay_x",0.7595814840711723,0.8168333333333333,0.45187032418952616,0.6546242774566474,0.345011424219345
"gender, marriage, education, age, pay_x",0.7599892655724354,0.817,0.45209580838323354,0.6555716353111433,0.345011424219345
"gender, marriage, education, bill_amt, pay_amt",0.726056303583781,0.8058333333333333,0.3285302593659942,0.6753554502369669,0.21706016755521707
"gender, marriage, education, age, bill_amt, pay_amt",0.7265307893314156,0.8063333333333333,0.32987312572087657,0.6793349168646081,0.21782178217821782
"gender, marriage, education, pay_x, bill_amt, pay_amt",0.7587038479331678,0.8178333333333333,0.4482584553255931,0.6646706586826348,0.33815689261233817
"gender, marriage, education, age, pay_x, bill_amt, pay_amt",0.7590650745828222,0.8183333333333334,0.4517102615694165,0.6651851851851852,0.341964965727342
