smote,roc_auc,accuracy,f1,precision,recall,dataset
1,0.7639824286278039,0.7802083333333333,0.5317639995877539,0.5040732542849417,0.5628474354901337,validation
1,0.7643852460281724,0.781,0.5347025495750708,0.499669093315685,0.575019040365575,testing
0,0.7650820296510707,0.8200833333333334,0.47008053742427647,0.677841656340598,0.3599526986480285,validation
0,0.7641879769536422,0.8181666666666667,0.45586034912718204,0.6604046242774566,0.3480578827113481,testing
